17.253,0.17981,0.065714,0.037437,0.01615,0.012318,0.015222,0.0083267,0.0077157,0.034664,0.090391,1.3152,1.1697,0.4092,0.2916,0.32829,0.12238,0.11508,0.053343,0.061265,0.64944,0.44093,0.46392,0.27325,0.12144,0.077952,0.051555,0.073863,0.28205,0.14186,0.54425,0.15312,0.13097,0.035226,0.019036,0.015506,0.026673,0.018421,0.022883,0.010282,0.0093816,0.20402,0.18686,0.15604,0.059693,0.040885,0.046941,0.041826,0.028252,0.023867,0.019013,1.8876,0.5874,1.0097,0.33731,0.14221,0.068791,0.14184,0.083919,0.11222,0.051864,1.875,4.0977,1.7053,2.9825,1.9479,1.073,0.90569,0.57157,0.3387,0.20872,2.3438,3.5813,3.3531,1.9694,2.2131,1.4536,1.0873,0.65217,1.7354,4.7084
29.947,0.086644,0.033039,0.017492,0.0088829,0.0062488,0.0049567,0.0037689,0.0039667,0.0047169,0.025921,0.48533,0.27314,0.14822,0.10485,0.071942,0.040557,0.033798,0.023119,0.018216,0.11866,0.22797,0.12919,0.066811,0.045219,0.027671,0.019278,0.020426,0.032883,0.047833,0.20445,0.06076,0.049166,0.026497,0.011531,0.0082642,0.0083077,0.0069902,0.0047918,0.0036917,0.0036221,0.096621,0.081675,0.042583,0.029691,0.019355,0.017165,0.014002,0.010687,0.0096441,0.0074939,0.34977,0.31208,0.19674,0.16644,0.071418,0.033328,0.056389,0.040304,0.033803,0.023842,0.94837,0.96025,0.71771,1.5202,1.008,0.55319,0.44643,0.27666,0.17974,0.10488,1.0758,1.2833,1.4502,0.86705,0.92826,0.60717,0.5219,0.31305,0.22808,0.2332
40.588,1.1581,0.63884,0.29881,0.20773,0.16979,0.31521,0.10774,0.21374,0.36704,2.8861,37.153,26.448,9.0552,2.2899,4.3673,0.76564,1.6316,0.47138,1.5549,13.285,9.215,4.7702,7.0499,1.8175,1.1951,0.67834,1.0776,6.439,3.071,48.62,8.8955,3.3051,0.33491,0.1512,0.10895,0.092625,0.18926,0.066664,0.10206,0.13504,7.5313,4.8844,1.8845,0.62883,0.54933,0.31641,0.44867,0.23971,0.18632,0.25873,27.78,4.3508,6.4273,2.284,1.5697,1.1816,2.3532,1.104,1.6666,0.87565,37.299,53.032,41.527,39.106,10.095,10.555,7.5628,5.4696,4.4542,3.2029,33.199,53.03,39.361,43.545,35.126,39.001,29.354,10.747,27.515,14.761
53.276,0.11808,0.044251,0.02607,0.01345,0.010213,0.0072805,0.0055826,0.0063766,0.009112,0.031824,0.78322,0.53652,0.23004,0.19518,0.20753,0.064704,0.052048,0.038442,0.069006,0.18279,0.28165,0.17397,0.15966,0.055181,0.037491,0.023792,0.027309,0.096412,0.10367,0.28162,0.56537,0.066251,0.035271,0.017586,0.012072,0.01232,0.010577,0.020499,0.0046603,0.0059643,0.30973,0.15312,0.06297,0.046077,0.042604,0.0234,0.021441,0.015137,0.01125,0.011144,0.43324,0.35423,0.25022,0.19939,0.22913,0.042571,0.083023,0.05906,0.078024,0.031912,1.2988,1.3303,0.98677,2.0854,1.2698,0.83321,0.64371,0.40399,0.27726,0.16346,1.3102,3.1298,1.7362,2.031,1.2723,0.87634,1.4968,0.49297,1.068,0.41875
62.575,0.048307,0.019354,0.010272,0.0053853,0.0037513,0.0026831,0.0024599,0.0017741,0.0029192,0.013972,0.3047,0.19151,0.087469,0.067991,0.060346,0.026048,0.021016,0.012057,0.013592,0.066369,0.11853,0.065383,0.068582,0.028523,0.016729,0.010679,0.010539,0.023068,0.028831,0.10687,0.088753,0.027074,0.012365,0.0065041,0.0048818,0.003735,0.0035354,0.0023751,0.0017378,0.0020679,0.07106,0.042744,0.024924,0.017078,0.012044,0.010091,0.0088757,0.0057058,0.0052787,0.0043797,0.23247,0.17896,0.11505,0.10041,0.047842,0.020557,0.038657,0.024361,0.025678,0.017561,0.60144,0.64771,0.43502,1.0747,0.63716,0.36611,0.27311,0.15716,0.1298,0.067429,0.64994,1.1935,0.86104,0.49144,0.60584,0.35927,0.36601,0.19816,0.26996,0.13742
67.503,0.021456,0.010453,0.006688,0.002773,0.0019526,0.0015325,0.0011086,0.00094922,0.0012443,0.0054123,0.14075,0.086395,0.04631,0.02859,0.032689,0.012581,0.0098412,0.0060727,0.0063045,0.033043,0.051766,0.031711,0.033822,0.012347,0.0083759,0.0052242,0.0051608,0.010411,0.018681,0.047792,0.036365,0.015892,0.0071514,0.0037701,0.0028712,0.0022707,0.002336,0.0015262,0.00097487,0.00099147,0.031927,0.021337,0.012836,0.0090564,0.0064963,0.0047226,0.0042103,0.0028065,0.0028667,0.0021439,0.09852,0.074234,0.040356,0.036699,0.016668,0.010618,0.012446,0.009556,0.0092384,0.0055183,0.22641,0.26457,0.20403,0.40033,0.23915,0.15097,0.13402,0.096626,0.051663,0.039837,0.27287,0.3424,0.44145,0.28021,0.24407,0.20738,0.1617,0.083558,0.10351,0.067907
69.577,0.0075181,0.0035483,0.0017428,0.0010196,0.00062622,0.00063811,0.00037758,0.00028817,0.00030927,0.0014633,0.040638,0.027576,0.016141,0.011503,0.008684,0.0040697,0.0038646,0.001842,0.0017001,0.0077195,0.019075,0.0087756,0.0088963,0.0037369,0.0022653,0.0013492,0.0011439,0.0025344,0.0065308,0.014469,0.0096999,0.0045076,0.001825,0.0015,0.00092593,0.0012518,0.00072544,0.00053412,0.00033769,0.00044224,0.012433,0.0073758,0.004304,0.0026594,0.0014633,0.0017472,0.0010674,0.00080982,0.00085036,0.00060108,0.026862,0.029745,0.016848,0.014477,0.006884,0.0024708,0.0037284,0.003137,0.0026515,0.0013518,0.087048,0.075902,0.060226,0.099726,0.080669,0.04821,0.055689,0.048051,0.019185,0.012985,0.088455,0.12003,0.13458,0.074395,0.078682,0.051787,0.078112,0.031362,0.024263,0.020965
70.557,0.0085711,0.0033842,0.0021495,0.0013498,0.0010033,0.00054511,0.00041625,0.00043867,0.00057761,0.0021708,0.079691,0.04483,0.022076,0.01387,0.016633,0.0071946,0.0056689,0.0037181,0.0030854,0.0090641,0.017645,0.013074,0.0089243,0.0039373,0.0022523,0.0016622,0.0014938,0.0028578,0.006072,0.012549,0.010327,0.004392,0.0032599,0.0014383,0.0010329,0.00099316,0.00085957,0.00089174,0.00031585,0.00050645,0.012344,0.010525,0.0062793,0.0038052,0.0021658,0.0019272,0.0024307,0.00093337,0.00082133,0.00070285,0.030769,0.017506,0.018538,0.011394,0.0065268,0.003088,0.0057813,0.0030647,0.0030713,0.0017446,0.057889,0.11168,0.078813,0.20518,0.093661,0.042823,0.047501,0.045081,0.023785,0.0158,0.13831,0.11568,0.15486,0.084088,0.091857,0.060421,0.045736,0.032371,0.026506,0.025045
71.778,0.01372,0.0054992,0.0023768,0.001484,0.0008441,0.00074482,0.00044,0.00054419,0.00099909,0.0037437,0.094877,0.086798,0.040318,0.022359,0.024449,0.0099505,0.01008,0.0064392,0.0058107,0.017146,0.025203,0.018976,0.020078,0.0064442,0.0031549,0.0021937,0.0025893,0.0054077,0.0067446,0.036658,0.018334,0.007519,0.0033458,0.0016899,0.0013736,0.0015501,0.0011705,0.00083363,0.00054137,0.00048767,0.016246,0.011804,0.0084043,0.0046298,0.0029717,0.0020847,0.0023612,0.0014205,0.0012106,0.00075802,0.059483,0.029573,0.023716,0.01842,0.0092761,0.0062644,0.0082079,0.0045346,0.0051665,0.003185,0.16363,0.18086,0.16686,0.36703,0.21228,0.090996,0.093543,0.064045,0.04503,0.027355,0.19039,0.19698,0.19246,0.12156,0.16115,0.091772,0.075154,0.067352,0.058382,0.031719
75.09,0.070239,0.032601,0.021315,0.012341,0.0081945,0.0047517,0.003657,0.0024358,0.0022042,0.0090532,0.29881,0.22886,0.12245,0.095336,0.073747,0.042148,0.029308,0.016965,0.013316,0.051012,0.15957,0.16039,0.12132,0.076321,0.053841,0.034503,0.020123,0.029243,0.066839,0.096867,0.058509,0.033823,0.015209,0.0089677,0.0071351,0.0051889,0.0043288,0.002943,0.0020348,0.0023965,0.078242,0.088695,0.056822,0.041229,0.027186,0.022801,0.017815,0.0093304,0.0080822,0.0057357,0.28645,0.23515,0.16223,0.12371,0.076776,0.048355,0.055426,0.032979,0.045787,0.022532,0.59792,0.86057,0.53904,1.5126,0.8919,0.52558,0.45956,0.29326,0.22111,0.14823,0.65858,0.84202,1.1035,0.57812,0.74859,0.4802,0.43702,0.25618,0.19067,0.192
81.317,0.049774,0.022011,0.014997,0.0065833,0.0047791,0.0037796,0.002723,0.0025932,0.0024916,0.013458,0.33823,0.26018,0.13905,0.10487,0.10169,0.049171,0.038387,0.019268,0.016189,0.066626,0.11488,0.092787,0.087854,0.032814,0.025355,0.01416,0.013121,0.023718,0.047575,0.12207,0.06052,0.033034,0.013755,0.009326,0.0063376,0.0054754,0.0046951,0.0032304,0.0020942,0.0026122,0.070081,0.062585,0.039283,0.026505,0.019248,0.014578,0.012076,0.0078434,0.0059948,0.0050323,0.22806,0.16734,0.12422,0.10779,0.055385,0.025118,0.038876,0.022974,0.02509,0.016896,0.71138,0.7547,0.54722,1.5073,0.91976,0.64297,0.39172,0.27463,0.21952,0.12792,0.59354,1.4185,1.0657,0.63797,0.9132,0.4882,0.44202,0.2503,0.30466,0.19872
88.072,0.040233,0.014531,0.008965,0.0050102,0.0027348,0.0026732,0.0017348,0.0016949,0.0019784,0.0099415,0.32649,0.20978,0.12718,0.079449,0.073345,0.032705,0.031149,0.017742,0.032094,0.059011,0.12143,0.096742,0.055674,0.029692,0.022712,0.012153,0.012954,0.024776,0.075863,0.10286,0.05105,0.025115,0.010623,0.0056166,0.0040161,0.004402,0.0027256,0.0022844,0.0013861,0.0016923,0.059272,0.043885,0.026549,0.016833,0.010615,0.0094636,0.0071848,0.0050204,0.0038505,0.0035051,0.28578,0.13939,0.093287,0.077318,0.044975,0.020752,0.027117,0.016516,0.021927,0.012761,0.67978,0.70133,0.54899,1.0604,0.6876,0.43423,0.40445,0.24491,0.2003,0.13477,0.61429,0.78211,0.90534,0.52259,0.61586,0.46058,0.38729,0.27519,0.26724,0.19875
94.699,0.035176,0.016833,0.010445,0.0058911,0.0038194,0.0029571,0.0017673,0.0016404,0.0022619,0.012098,0.2733,0.23662,0.13968,0.092364,0.083246,0.041248,0.030727,0.015765,0.02439,0.061044,0.10122,0.075715,0.050932,0.027088,0.016675,0.012867,0.0097391,0.01691,0.039278,0.10352,0.05787,0.022191,0.010807,0.0066339,0.004718,0.0038323,0.0030989,0.0020447,0.0015112,0.0019079,0.048444,0.048191,0.032602,0.019538,0.01351,0.012456,0.009257,0.0051433,0.0045492,0.0035176,0.20137,0.17514,0.10667,0.089514,0.04371,0.023622,0.030675,0.018187,0.021451,0.012549,0.56324,0.59747,0.50008,1.2406,0.85011,0.42052,0.32574,0.24492,0.15802,0.11856,0.65818,8.3554,0.72291,0.53879,0.62286,0.43703,0.34309,0.24461,0.2432,0.16464
101,0.026956,0.011661,0.0081208,0.0038209,0.0027687,0.0020638,0.0013383,0.0015164,0.0015828,0.0081653,0.19927,0.14328,0.075482,0.042511,0.043342,0.021472,0.015544,0.0093313,0.0092976,0.03934,0.062587,0.043071,0.021769,0.013331,0.0094862,0.0056707,0.0047009,0.0089882,0.016681,0.061467,0.041477,0.018153,0.0083845,0.0044171,0.0035335,0.0031402,0.0023408,0.0018015,0.0011452,0.001347,0.028889,0.024861,0.014052,0.0097995,0.0060201,0.0050397,0.0037149,0.002728,0.0022683,0.0017464,0.11994,0.088528,0.072446,0.051386,0.022774,0.012799,0.018615,0.013149,0.011462,0.0072489,0.35939,0.35428,0.2432,0.56096,0.39435,0.21511,0.16203,0.11208,0.085212,0.053059,0.38629,5.7101,0.56521,0.40435,0.3287,0.30607,0.20109,0.13518,0.14852,0.09133
105.79,0.021664,0.011084,0.0073968,0.0045242,0.002391,0.0021171,0.0010467,0.0011669,0.001644,0.0070022,0.25212,0.21915,0.1066,0.083857,0.081263,0.045556,0.035596,0.019632,0.048484,0.04498,0.12771,0.10592,0.051091,0.0328,0.028515,0.013259,0.01912,0.026588,0.16755,0.1066,0.057903,0.015833,0.0099906,0.0040813,0.0030447,0.0024674,0.0018389,0.001428,0.001071,0.0011637,0.042781,0.037894,0.027133,0.022713,0.011284,0.010001,0.007426,0.0047039,0.0038255,0.0023034,0.15759,0.11738,0.083927,0.059254,0.038233,0.020635,0.029809,0.014895,0.019845,0.01117,0.5261,0.51422,0.48757,0.99767,0.7274,0.43276,0.38451,0.26371,0.21987,0.15166,0.59636,0.8805,0.88581,0.6579,0.59274,0.50903,0.40942,0.34318,0.2608,0.25149
111.67,0.040711,0.015123,0.0087283,0.0045897,0.0033983,0.0024178,0.0018942,0.0017923,0.0077129,0.042665,0.42719,0.28339,0.13781,0.089497,0.082902,0.046159,0.035234,0.021131,0.40839,0.082089,0.088572,0.068142,0.046302,0.021514,0.014359,0.036699,0.0099329,0.015837,0.047523,0.20011,0.065877,0.027431,0.0086882,0.0050883,0.0049236,0.0037559,0.0029712,0.0040263,0.0014868,0.0016786,0.047911,0.045554,0.024019,0.014995,0.0093889,0.0084262,0.0067195,0.0036948,0.013365,0.0030703,0.21319,0.1653,0.10394,0.076387,0.10178,0.021553,0.026933,0.023274,0.024725,0.013511,0.44981,0.5595,5.0489,0.9791,0.80772,0.66401,0.29441,0.22492,0.14274,0.10148,0.95585,0.82049,0.75411,0.56654,0.58783,0.43347,0.38367,0.23606,0.32519,0.17932
118.92,0.051071,0.018458,0.012204,0.0050024,0.0040286,0.0032313,0.0020787,0.0021384,0.0024112,0.011827,0.35696,0.29509,0.16206,0.1083,0.086971,0.047434,0.041896,0.024518,0.022668,0.059448,0.12255,0.087946,0.063701,0.028688,0.023142,0.0139,0.0157,0.025138,0.11772,0.10843,0.046563,0.022531,0.014296,0.0063785,0.0041951,0.0041652,0.0041038,0.0024843,0.0016631,0.0021634,0.049091,0.047235,0.03121,0.021194,0.012044,0.0097637,0.0082527,0.0063905,0.0044704,0.003455,0.20308,0.16828,0.098005,0.077302,0.039751,0.021682,0.03326,0.024058,0.031865,0.012921,0.75673,0.71661,0.64094,1.2855,1.1024,0.52769,0.47119,0.3505,0.27342,0.18946,0.64646,0.83067,0.85962,0.59292,0.80541,0.60156,0.41983,0.32218,0.34081,0.2192
124.21,0.015843,0.0066692,0.0051277,0.002625,0.0014303,0.0010809,0.00074469,0.00097828,0.001131,0.0090903,0.11237,0.1479,0.056915,0.060375,0.031988,0.016495,0.015064,0.0052356,0.0045257,0.024349,0.044708,0.031849,0.016588,0.0073571,0.0054734,0.0026934,0.0029834,0.0071706,0.014259,0.051684,0.021662,0.023255,0.004955,0.0026081,0.0020678,0.0017857,0.0012905,0.0014054,0.00094241,0.0008436,0.01792,0.010862,0.0078457,0.0065601,0.0035749,0.0028442,0.0030094,0.0017127,0.0013828,0.0011247,0.088564,0.060352,0.045445,0.03949,0.016917,0.0094659,0.012178,0.0077703,0.011376,0.0067339,0.23767,0.26516,0.19695,0.43416,0.28367,0.15121,0.14218,0.087175,0.065844,0.040888,0.53198,0.28949,0.37947,0.21064,0.29669,0.16039,0.11499,0.079757,0.078294,0.064487
128.5,0.019571,0.009258,0.005406,0.0023128,0.0018054,0.0013803,0.00091746,0.00088189,0.001097,0.005715,0.12551,0.13152,0.067774,0.039252,0.033429,0.016684,0.014408,0.0090901,0.0061628,0.031192,0.04652,0.032694,0.019927,0.01103,0.0091852,0.004048,0.0041855,0.012383,0.05288,0.050828,0.021044,0.011525,0.0053129,0.002971,0.0027139,0.0020981,0.0015251,0.0010458,0.00077203,0.00094782,0.022719,0.018546,0.013605,0.0084763,0.0043868,0.0042479,0.0029068,0.0018663,0.0016966,0.0013035,0.082394,0.075704,0.070237,0.044349,0.019933,0.011698,0.016661,0.011296,0.013627,0.0058335,0.34624,0.30886,0.22557,0.61448,0.34936,0.21076,0.16866,0.11687,0.090645,0.064803,0.30708,0.44971,0.4309,0.28527,0.34575,0.28263,0.1838,0.11969,0.10468,0.086373
133.39,0.026244,0.013625,0.0073865,0.0040141,0.0029443,0.0018102,0.0016285,0.0013219,0.0016532,0.0086085,0.20939,0.17808,0.10245,0.068574,0.052023,0.029369,0.024772,0.014783,0.028017,0.050777,0.082721,0.061077,0.057606,0.020717,0.015009,0.010161,0.0086556,0.016528,0.077581,0.087836,0.039307,0.020493,0.0071062,0.0048758,0.0034729,0.002856,0.0026304,0.0020331,0.0014758,0.0016239,0.037932,0.034428,0.020642,0.015486,0.0096611,0.0077042,0.0053573,0.003534,0.0037002,0.002921,0.19459,0.12029,0.1027,0.069816,0.039437,0.020209,0.026619,0.019419,0.028534,0.011453,0.42691,0.59774,0.43176,1.0058,0.63115,0.3971,0.25873,0.22661,0.15497,0.12835,0.34681,0.57824,0.52936,0.37076,0.5268,0.3081,0.30175,0.2032,0.22793,0.18045
139.3,0.030066,0.014483,0.010936,0.0044861,0.0040226,0.0030342,0.0015561,0.0015404,0.0018806,0.013084,0.248,0.15779,0.098327,0.062524,0.06663,0.026687,0.022722,0.012935,0.10163,0.11085,0.10281,0.048233,0.034396,0.01497,0.010887,0.0073816,0.0093217,0.017075,0.03778,0.12405,0.13108,0.054597,0.0093688,0.0049435,0.0037886,0.0051847,0.0067246,0.0031668,0.001646,0.0018404,0.044815,0.026938,0.014747,0.011545,0.008259,0.0052545,0.0040958,0.0024569,0.0020437,0.0028364,0.16492,0.14248,0.239,0.07645,0.048786,0.023236,0.031109,0.022944,0.023671,0.014957,0.36694,0.51095,2.1222,1.5839,0.51712,0.32089,0.24302,0.18422,0.12504,0.070938,1.5483,1.7514,0.56696,0.54551,0.39671,0.33068,0.31559,0.26084,0.32027,0.11918
145.97,0.032991,0.017146,0.011043,0.0045765,0.0037917,0.0029805,0.0019788,0.0018731,0.0025146,0.010655,0.19296,0.15426,0.072994,0.051709,0.047317,0.026309,0.02003,0.011735,0.015491,0.051257,0.091308,0.059137,0.038718,0.024161,0.015374,0.010074,0.0095972,0.016714,0.072811,0.092808,0.067513,0.019997,0.009479,0.0076858,0.0039572,0.0050509,0.0036825,0.0034763,0.001455,0.0016135,0.040542,0.032704,0.021061,0.015236,0.0084302,0.0080222,0.0061045,0.0050905,0.0027699,0.0022537,0.18072,0.13435,0.085698,0.076404,0.035123,0.018851,0.025813,0.018836,0.021027,0.010833,0.45825,0.47859,0.39725,0.89532,0.5517,0.35989,0.24512,0.23115,0.16442,0.096052,0.40579,0.55021,0.67367,0.50348,0.50304,0.36597,0.31235,0.22177,0.18063,0.13663
151.58,0.031083,0.018993,0.010518,0.0064891,0.0040489,0.0032733,0.0017166,0.0013768,0.0014132,0.0053971,0.14024,0.13023,0.077442,0.041367,0.040196,0.019121,0.015761,0.0095346,0.0061039,0.026444,0.072294,0.067138,0.04146,0.032077,0.019557,0.010656,0.0097684,0.012078,0.037818,0.050324,0.030563,0.018545,0.0096491,0.006399,0.0042716,0.003346,0.0025675,0.0023238,0.0013559,0.0013244,0.032107,0.049735,0.028064,0.018547,0.01254,0.010696,0.007964,0.004545,0.0036322,0.0027238,0.11695,0.097708,0.098112,0.064345,0.037378,0.023369,0.023541,0.015902,0.015626,0.011385,0.30154,0.40222,0.34494,0.71856,0.54149,0.31161,0.22611,0.15207,0.10765,0.075581,0.30388,0.48669,0.43884,0.30528,0.42455,0.24971,0.21748,0.12822,0.15844,0.097929
156.38,0.018086,0.010312,0.0073074,0.0085397,0.0026411,0.0024474,0.0019727,0.0029519,0.0014106,0.0059366,0.14415,0.10977,0.063828,0.038122,0.044633,0.018758,0.016476,0.0089986,0.0079111,0.033806,0.061985,0.044382,0.026366,0.022431,0.011382,0.0073397,0.0068735,0.033751,0.039403,0.058009,0.020546,0.013106,0.0062557,0.0038202,0.0044758,0.0035424,0.0048681,0.0019765,0.0027128,0.0022783,0.020578,0.019185,0.01323,0.011228,0.0057304,0.0046458,0.0029441,0.0022396,0.0017594,0.0013235,0.10392,0.079897,0.048149,0.044673,0.02321,0.013023,0.014237,0.0094241,0.012567,0.0084237,0.31838,0.35387,0.24214,0.58612,0.4307,0.25189,0.17379,0.13892,0.096939,0.071939,0.37789,0.45543,0.47574,0.36683,0.4257,0.39083,0.27958,0.25094,0.50356,0.16279
161.27,0.021406,0.0087505,0.005183,0.002379,0.001676,0.0013682,0.0010708,0.00087511,0.00090539,0.005763,0.1124,0.087911,0.042859,0.0248,0.028111,0.011649,0.0094097,0.005177,0.0083328,0.030301,0.045366,0.031082,0.019606,0.01204,0.0062927,0.004348,0.0045574,0.013052,0.02197,0.045919,0.029384,0.011763,0.0042224,0.00362,0.0020362,0.0029012,0.0031366,0.0013189,0.0008473,0.00095229,0.016704,0.015815,0.011101,0.0074521,0.0042134,0.0032143,0.0020265,0.0017009,0.0011862,0.0010523,0.094388,0.077812,0.054607,0.042445,0.019654,0.010931,0.016138,0.0099289,0.013623,0.0068535,0.27849,0.3102,0.28996,0.5009,0.40162,0.18796,0.16112,0.10083,0.07638,0.049899,0.26223,0.39149,0.35382,0.28087,0.32935,0.1736,0.18771,0.12408,0.13216,0.092269
165.8,0.016605,0.0082169,0.0051308,0.0022153,0.0020049,0.0014748,0.0008496,0.0010285,0.0012959,0.0045812,0.10525,0.068033,0.033859,0.025891,0.024833,0.012443,0.0088515,0.0056387,0.0064782,0.026174,0.028296,0.027376,0.03204,0.0076024,0.0075273,0.0036682,0.0029007,0.0082152,0.049695,0.036113,0.017991,0.012325,0.0049575,0.0032934,0.0026146,0.0022429,0.0013013,0.0010798,0.00082641,0.0010963,0.018082,0.016963,0.0098814,0.0081365,0.0040548,0.0034097,0.0019947,0.0013996,0.0013903,0.0012203,0.082655,0.077659,0.046413,0.037418,0.020751,0.0088459,0.01392,0.0095802,0.012924,0.0055437,0.22569,0.23895,0.24396,0.37685,0.26177,0.15879,0.14047,0.085364,0.063409,0.041158,0.23253,0.35866,0.39583,0.21041,0.21443,0.17656,0.13363,0.12953,0.067715,0.074026
169.77,0.014676,0.0059526,0.0045487,0.0021472,0.0013844,0.0012977,0.00059636,0.00076162,0.001236,0.0046196,0.096499,0.086446,0.046967,0.030122,0.020953,0.01422,0.012133,0.0060554,0.0060471,0.025686,0.031325,0.022229,0.016786,0.0063401,0.0049555,0.0027392,0.0023975,0.0065611,0.019693,0.045962,0.014118,0.0092913,0.0045914,0.0024326,0.0017304,0.001499,0.0012262,0.00096191,0.00062809,0.00086243,0.016134,0.015234,0.0076146,0.0076642,0.0037057,0.0026807,0.0021935,0.0013243,0.0011497,0.0010523,0.075858,0.054082,0.042186,0.02992,0.015074,0.0087457,0.012069,0.007275,0.0077068,0.0048581,0.27438,0.22345,0.1858,0.42945,0.29455,0.20158,0.123,0.082435,0.074574,0.04339,0.21637,0.27461,0.25746,0.21621,0.26757,0.14257,0.13522,0.10613,0.076561,0.076986
175.78,0.034532,0.013826,0.0088006,0.0067971,0.0029616,0.0024692,0.0018089,0.0032181,0.0019176,0.0087675,0.21354,0.12483,0.065706,0.044037,0.054522,0.018284,0.013999,0.0096452,0.007632,0.044983,0.079822,0.071365,0.040461,0.01495,0.022144,0.013173,0.0090264,0.014188,0.043057,0.084173,0.029952,0.016598,0.0091084,0.004803,0.0064765,0.002884,0.0037847,0.0022519,0.0017514,0.0021863,0.030405,0.026967,0.017829,0.015871,0.015793,0.0061837,0.0051834,0.0030135,0.0018012,0.0016675,0.14691,0.11872,0.073939,0.056309,0.034042,0.018122,0.022759,0.017006,0.019202,0.010922,0.62469,0.44925,0.30139,0.87864,0.48274,0.33259,0.26679,0.22912,0.153,0.097307,0.48291,0.52281,0.78114,0.65445,0.52815,0.70996,0.40115,0.25402,0.87729,0.25504
184.75,0.035141,0.015601,0.010282,0.0050452,0.0031484,0.0025284,0.0016928,0.0018606,0.0022667,0.012736,0.23387,0.18192,0.078259,0.067719,0.041899,0.023145,0.019654,0.011471,0.010251,0.062505,0.081554,0.052978,0.033644,0.015809,0.010279,0.0063159,0.0059822,0.015805,0.053096,0.11839,0.029043,0.019501,0.0088245,0.0059263,0.0038119,0.0035757,0.0026663,0.0020334,0.0014537,0.0016916,0.038189,0.027574,0.016166,0.011908,0.0060869,0.0046618,0.0033718,0.0027131,0.0024196,0.0020973,0.19052,0.10943,0.09515,0.069208,0.036434,0.017714,0.030896,0.018491,0.019566,0.012771,0.49717,0.56846,0.36531,0.77902,0.60589,0.33307,0.27518,0.19148,0.12403,0.09117,0.5747,0.66756,0.69921,0.45972,0.50152,0.35676,0.2665,0.18912,0.20067,0.16002
191.43,0.012427,0.0069139,0.0049722,0.0022076,0.0016175,0.0013136,0.00099742,0.00089779,0.00099048,0.0050383,0.080857,0.047105,0.035717,0.022138,0.015041,0.0083617,0.0055053,0.0038583,0.0035828,0.023316,0.035424,0.018697,0.012177,0.006253,0.0047295,0.0029043,0.0023587,0.0059515,0.031911,0.036058,0.015188,0.01005,0.0056363,0.0026332,0.0023499,0.0016455,0.0013254,0.00094354,0.00068095,0.00084646,0.012692,0.010095,0.006573,0.0046097,0.0026429,0.0016773,0.0016223,0.00098645,0.00091911,0.00071048,0.060016,0.048095,0.034362,0.028964,0.01618,0.0066605,0.011171,0.0073421,0.011812,0.0060867,0.21816,0.14938,0.14927,0.37668,0.20913,0.10655,0.10132,0.072865,0.048013,0.036627,0.16989,0.22671,0.29059,0.18037,0.22574,0.11049,0.11803,0.066118,0.06342,0.052591
196.92,0.028711,0.012577,0.0068745,0.0037583,0.0026364,0.0021022,0.0012997,0.0014699,0.0017359,0.0091445,0.15514,0.12244,0.081812,0.044942,0.029585,0.017843,0.015392,0.0095712,0.0082268,0.039214,0.061596,0.043731,0.025447,0.011615,0.0091615,0.0070326,0.0048103,0.012594,0.037904,0.09959,0.020605,0.014192,0.0072685,0.0049273,0.0034561,0.0024071,0.0020786,0.0012746,0.0012842,0.0014493,0.028245,0.023891,0.014668,0.009981,0.005107,0.0044852,0.0024865,0.0019606,0.0016697,0.0012609,0.11699,0.10575,0.076973,0.060048,0.0303,0.015275,0.024358,0.013684,0.019864,0.010296,0.40988,0.41748,0.23577,0.62593,0.4214,0.3036,0.21833,0.15015,0.11683,0.076762,0.36432,0.4792,0.52771,0.39946,0.36622,0.29642,0.25686,0.1361,0.10841,0.109
204.92,0.039255,0.017667,0.010202,0.0061378,0.0041092,0.0027554,0.0023055,0.0022733,0.0025031,0.0090969,0.19327,0.15019,0.074446,0.04011,0.030795,0.019112,0.016204,0.010947,0.0080391,0.038852,0.08066,0.049662,0.026778,0.014723,0.0098112,0.0054198,0.0057321,0.017516,0.066523,0.078853,0.028648,0.019669,0.012377,0.006789,0.0053566,0.0046127,0.0034122,0.0029257,0.0020454,0.0025997,0.029909,0.029079,0.02049,0.012908,0.0065254,0.0046368,0.0032191,0.0027751,0.0025127,0.0016704,0.14665,0.12472,0.085626,0.074589,0.036649,0.01852,0.024486,0.019807,0.0283,0.010192,0.36487,0.35747,0.32333,0.68553,0.55993,0.28638,0.22972,0.16592,0.1142,0.085912,0.48124,0.50726,0.59396,0.36106,0.37629,0.33989,0.23743,0.17688,0.16212,0.12187
211.53,0.026104,0.0088924,0.005747,0.0033815,0.0020913,0.0014818,0.0010549,0.0035569,0.0012954,0.0052055,0.12318,0.12108,0.10409,0.038391,0.028018,0.014569,0.026891,0.0073283,0.0075681,0.029198,0.050284,0.038527,0.032754,0.014214,0.009624,0.0098256,0.0059046,0.01562,0.035406,0.26094,0.017475,0.0084052,0.0060525,0.0034479,0.003015,0.0017499,0.0016757,0.0011204,0.00090509,0.0012062,0.017362,0.024651,0.01257,0.01387,0.0063185,0.0062894,0.0038,0.0026627,0.0015524,0.0014571,0.11218,0.067046,0.06405,0.05094,0.028569,0.015871,0.021184,0.016268,0.013883,0.0095675,0.33261,0.27135,0.17869,0.61328,0.341,0.21827,0.16873,0.12512,0.084505,0.057766,0.55329,0.3914,0.39623,0.27062,0.31045,0.17366,0.15153,0.13684,0.097736,0.078878
215.71,0.012282,0.0054913,0.0047281,0.0022162,0.0014223,0.0012264,0.00066439,0.0013441,0.00080363,0.0038358,0.077824,0.063916,0.043166,0.023835,0.014471,0.0096436,0.0082954,0.0055327,0.0041833,0.021487,0.033243,0.022552,0.0097645,0.0064441,0.0042939,0.002566,0.002362,0.0097171,0.032701,0.053503,0.011403,0.0082668,0.0046897,0.0032207,0.0021124,0.0014087,0.0013188,0.0010322,0.00071523,0.0011029,0.012222,0.010997,0.0067397,0.0052014,0.0022848,0.0018262,0.0013732,0.00091492,0.00085223,0.00078513,0.058849,0.042568,0.03853,0.028394,0.015253,0.007101,0.01171,0.008265,0.010386,0.0057034,0.21858,0.14612,0.13281,0.38775,0.21006,0.12902,0.11287,0.085003,0.051472,0.035038,0.22572,0.2552,0.2301,0.16337,0.20644,0.14992,0.094392,0.073354,0.068094,0.055931
219.8,0.024697,0.00856,0.0062934,0.0029441,0.0023067,0.0018702,0.0014799,0.0012865,0.0014362,0.0051414,0.1177,0.07293,0.041527,0.025096,0.015055,0.010582,0.0091303,0.0056284,0.0048982,0.017965,0.033807,0.021566,0.010445,0.0072491,0.0043147,0.002076,0.0019083,0.0071819,0.03596,0.034715,0.013318,0.0089819,0.0062361,0.0041562,0.0025098,0.0020992,0.0017539,0.0018656,0.0016315,0.0016967,0.015617,0.011534,0.0079505,0.0054743,0.0029252,0.0025851,0.0014543,0.0010394,0.0010119,0.00068648,0.086587,0.094738,0.050235,0.05276,0.022953,0.014801,0.016417,0.013494,0.016575,0.0085206,0.16169,0.16439,0.14049,0.36184,0.21308,0.13498,0.11039,0.083384,0.054291,0.035506,0.31694,0.44286,0.36683,0.27802,0.27579,0.20995,0.16797,0.11153,0.12066,0.11199
224.25,0.037492,0.013244,0.007384,0.0046558,0.0029417,0.0024823,0.0018142,0.0018464,0.0017902,0.0057039,0.15875,0.12092,0.082079,0.058168,0.035384,0.023423,0.022024,0.013405,0.010066,0.023234,0.065596,0.057495,0.031594,0.019321,0.014249,0.0072108,0.0075742,0.014109,0.065775,0.041817,0.01992,0.014917,0.0082856,0.0050358,0.0035999,0.003199,0.0023287,0.0021544,0.0016673,0.0019627,0.031811,0.026465,0.020679,0.011612,0.0078503,0.0062203,0.0044796,0.0033216,0.0026836,0.0020522,0.1528,0.12613,0.10397,0.069061,0.032134,0.019935,0.028674,0.018941,0.024335,0.015322,0.31696,0.37105,0.22787,0.56427,0.47653,0.28331,0.30386,0.17783,0.12837,0.11115,0.37064,0.40621,0.54003,0.37524,0.46202,0.27562,0.28071,0.1564,0.15519,0.16699
227.65,0.0082017,0.0037462,0.0025109,0.0012095,0.0009468,0.00086908,0.00049037,0.00051132,0.00065652,0.0026717,0.062539,0.036735,0.024063,0.015377,0.0111,0.0070207,0.0047257,0.003153,0.0026205,0.01316,0.028564,0.014357,0.0097437,0.0045627,0.0032034,0.0013562,0.0013822,0.0039461,0.023948,0.016429,0.0086249,0.0040786,0.0025164,0.0019779,0.0010984,0.0012196,0.00096047,0.00058325,0.00052809,0.00086025,0.0087458,0.009441,0.0053837,0.003805,0.0017855,0.0016091,0.0013382,0.00089827,0.00069144,0.00051774,0.038684,0.024641,0.026995,0.018699,0.0084531,0.006086,0.0071835,0.0074441,0.012439,0.0029466,0.12513,0.11556,0.1076,0.20684,0.12133,0.088236,0.060581,0.056788,0.038484,0.02188,0.11567,0.25905,0.13967,0.084981,0.12085,0.091396,0.074766,0.050812,0.036308,0.033933
231.42,0.019104,0.010253,0.0078387,0.003689,0.0025524,0.002047,0.0015141,0.0011619,0.0013679,0.0049042,0.13354,0.079639,0.044357,0.032993,0.021599,0.014181,0.011354,0.0075424,0.01782,0.027369,0.04094,0.033448,0.015803,0.008537,0.0050267,0.0025172,0.0023615,0.0092381,0.037059,0.045274,0.019788,0.011123,0.0067185,0.0050123,0.0044329,0.0038249,0.0068699,0.0040243,0.0027645,0.0021226,0.016489,0.016708,0.011232,0.0064581,0.0042154,0.0032053,0.00222,0.0015933,0.0012979,0.0009624,0.098171,0.07655,0.052084,0.046054,0.026109,0.010061,0.017709,0.012967,0.016983,0.010788,0.22186,0.23991,0.40242,0.4926,0.27948,0.1514,0.15009,0.098784,0.072,0.047521,0.29272,0.40585,0.42941,0.27656,0.37854,0.25027,0.21861,0.10663,0.10649,0.12254
240.14,0.078137,0.041228,0.02349,0.013495,0.010998,0.009198,0.0069719,0.0081347,0.0070546,0.015893,0.3187,0.26387,0.15973,0.10996,0.076293,0.05406,0.044412,0.029852,0.028449,0.070155,0.13452,0.098603,0.055526,0.030966,0.026356,0.012417,0.012849,0.032251,0.16273,0.12309,0.068394,0.046285,0.027972,0.017242,0.014862,0.012108,0.011018,0.0085443,0.0096124,0.011826,0.051677,0.04937,0.032132,0.024496,0.013584,0.011143,0.0087701,0.0073241,0.00554,0.0048886,0.35975,0.28796,0.21963,0.19535,0.096408,0.05483,0.085335,0.058611,0.080842,0.04605,0.62682,0.74342,0.70769,1.3404,0.89975,0.63221,0.50194,0.41812,0.31406,0.20546,0.8976,1.3178,1.3243,0.88474,0.96469,0.63789,0.62417,0.41503,0.40465,0.38777
251.12,0.071463,0.035755,0.022149,0.012812,0.011091,0.010027,0.0084931,0.0096186,0.011354,0.015084,0.30317,0.22095,0.12714,0.097357,0.084849,0.045617,0.044259,0.026334,0.042205,0.05206,0.10726,0.081572,0.044007,0.024758,0.020688,0.016112,0.013856,0.020893,0.098721,0.092872,0.051191,0.039862,0.022927,0.015897,0.011434,0.011553,0.01094,0.0088374,0.010447,0.0092573,0.043067,0.046195,0.029349,0.02165,0.012722,0.010745,0.0087017,0.0070613,0.0065427,0.0052421,0.33408,0.32396,0.22626,0.18874,0.12027,0.061769,0.10006,0.071965,0.076737,0.054183,0.5696,0.65442,1.7093,1.1285,0.68361,0.52386,0.44516,0.3645,0.23274,0.18821,0.69327,0.99384,1.0185,0.67062,0.8398,0.5749,0.51892,0.36482,0.34986,0.34418
258.33,0.015517,0.007429,0.0058477,0.003296,0.0024927,0.0015312,0.0011961,0.0012305,0.0012975,0.0042542,0.090961,0.055629,0.036216,0.021551,0.016207,0.0080627,0.007752,0.0042092,0.0036332,0.016712,0.036242,0.023248,0.010347,0.0078999,0.0038342,0.0022057,0.0018584,0.0072572,0.033982,0.037184,0.012809,0.011201,0.0048015,0.0034752,0.0027668,0.0021694,0.0017359,0.0015446,0.0010533,0.0015151,0.01357,0.012,0.0072572,0.0057336,0.002532,0.0015342,0.0012665,0.0010879,0.00068443,0.00085095,0.066778,0.053073,0.036291,0.038137,0.019406,0.0070774,0.010391,0.010575,0.012953,0.0084322,0.19996,0.19496,0.15408,0.37981,0.26217,0.13945,0.14343,0.080305,0.057623,0.038342,0.19605,0.31853,0.30223,0.19066,0.23416,0.15723,0.16603,0.08009,0.074334,0.067902
262.61,0.012821,0.0058376,0.0038732,0.001953,0.0013309,0.0012493,0.0009472,0.0010842,0.0010751,0.0034485,0.095758,0.063248,0.032487,0.020401,0.014905,0.010797,0.0081752,0.0059348,0.0046253,0.018956,0.035376,0.018202,0.012206,0.0067913,0.0052356,0.0034716,0.0032801,0.0070461,0.024563,0.035956,0.0083946,0.0068879,0.0037584,0.002443,0.00186,0.0018008,0.0014276,0.00095573,0.00080665,0.00093891,0.011834,0.011844,0.0063118,0.0046889,0.0022186,0.0024646,0.0013911,0.001043,0.00074499,0.00081199,0.047964,0.04208,0.034833,0.027257,0.013963,0.0063053,0.010804,0.0078361,0.0086147,0.0051302,0.20127,0.18038,0.15223,0.31724,0.23507,0.1462,0.10219,0.091238,0.065208,0.049305,0.17016,0.26842,0.27944,0.17014,0.17102,0.13513,0.11334,0.089633,0.070583,0.074465
276.08,0.086202,0.034883,0.023327,0.01134,0.0091751,0.0069459,0.0047735,0.0055411,0.0054688,0.023697,0.46004,0.33124,0.19378,0.11599,0.084247,0.054767,0.044952,0.033041,0.026585,0.098956,0.19356,0.14368,0.074666,0.036324,0.029762,0.015615,0.017731,0.041802,0.18015,0.1941,0.059766,0.045385,0.023068,0.013475,0.010728,0.0081205,0.0083492,0.0058547,0.0043126,0.0061937,0.081383,0.073148,0.044583,0.034528,0.01792,0.013812,0.011101,0.0092598,0.0064635,0.0061282,0.36947,0.30207,0.21529,0.17549,0.097279,0.043353,0.06815,0.051951,0.059403,0.035136,0.91917,1.0168,0.78044,1.7183,1.2357,0.80084,0.60833,0.46915,0.36725,0.24443,0.99618,1.4632,1.3999,0.87208,1.1894,0.70938,0.6196,0.45085,0.41724,0.37013
299.48,0.072305,0.037178,0.023223,0.013307,0.008671,0.0070822,0.0052363,0.0060484,0.0062114,0.023047,0.55943,0.39034,0.22507,0.1597,0.12524,0.079789,0.07276,0.0504,0.043042,0.11767,0.17861,0.13648,0.072944,0.034972,0.02805,0.015709,0.017019,0.041232,0.17388,0.17995,0.053977,0.044291,0.022065,0.015153,0.01036,0.010506,0.0089918,0.0064729,0.0049798,0.0069774,0.083228,0.07973,0.040827,0.030044,0.019,0.014042,0.011716,0.0095191,0.010456,0.0065323,0.39945,0.30828,0.21472,0.18977,0.098667,0.054725,0.081899,0.061071,0.086985,0.048139,0.83269,1.0245,0.76865,1.6823,1.2342,0.76501,0.59631,0.47101,0.34504,0.25337,1.1213,1.4852,1.4713,0.92144,1.0104,0.78512,0.7166,0.4694,0.40519,0.34849
313.84,0.022656,0.010329,0.0074204,0.0042766,0.0041628,0.0031846,0.0024222,0.0025071,0.0029613,0.0062433,0.25333,0.24489,0.14822,0.091799,0.095005,0.073954,0.065351,0.048459,0.041977,0.037101,0.11258,0.077456,0.052481,0.032379,0.032027,0.021823,0.01956,0.027875,0.094259,0.059841,0.021501,0.01153,0.0074629,0.0057008,0.0038102,0.0039851,0.0037255,0.0037067,0.0029718,0.0037706,0.045191,0.036421,0.023725,0.020315,0.01198,0.01086,0.0096941,0.0085424,0.0062153,0.0055723,0.13961,0.13732,0.088888,0.092548,0.053244,0.027228,0.043226,0.027965,0.046623,0.026119,0.24193,0.40362,0.27642,0.60356,0.47703,0.35432,0.31696,0.2988,0.21677,0.18709,0.34565,0.36292,0.55748,0.27718,0.40242,0.22335,0.22581,0.18454,0.19223,0.1794
319.49,0.021389,0.0092396,0.0060486,0.0034243,0.002441,0.0017027,0.0013415,0.0014399,0.001529,0.0071102,0.16004,0.11241,0.063502,0.04895,0.028603,0.027418,0.022679,0.017495,0.012765,0.034116,0.046456,0.030087,0.016776,0.0072065,0.0044692,0.0037798,0.0042714,0.0095166,0.023272,0.048995,0.01712,0.013637,0.0065096,0.0038035,0.0030637,0.0024432,0.0022226,0.0015325,0.0013633,0.0014581,0.013764,0.016947,0.010526,0.0055974,0.0032677,0.0030857,0.0021694,0.001858,0.0012753,0.00098514,0.090657,0.074192,0.051044,0.046449,0.023195,0.012786,0.021019,0.012418,0.0284,0.0089198,0.18496,0.24824,0.18507,0.50958,0.29683,0.18724,0.1959,0.12927,0.10336,0.070871,0.25799,0.35544,0.42094,0.22608,0.28408,0.18339,0.1849,0.12426,0.11215,0.10605
325.89,0.025882,0.014657,0.009486,0.0062197,0.0050097,0.0042317,0.0037055,0.0037923,0.0039977,0.007602,0.30218,0.24528,0.16207,0.11334,0.098864,0.069152,0.061118,0.063225,0.035707,0.052099,0.20836,0.16232,0.11286,0.072707,0.056505,0.052484,0.039495,0.058627,0.18998,0.093794,0.023426,0.01807,0.010166,0.0069364,0.0060345,0.0060401,0.0057062,0.0059852,0.003954,0.0059261,0.069914,0.079027,0.043031,0.03457,0.02509,0.029375,0.023036,0.020255,0.015416,0.013357,0.17767,0.16086,0.12088,0.11469,0.079978,0.060762,0.073898,0.057477,0.064832,0.04223,0.40081,0.44915,0.27559,0.75314,0.65959,0.34731,0.39713,0.2939,0.26935,0.19466,0.41969,0.56658,0.52665,0.37095,0.47734,0.31794,0.34186,0.2539,0.2243,0.2055
332.14,0.082196,0.05114,0.036043,0.027699,0.025202,0.025712,0.020293,0.024099,0.019826,0.021097,0.80733,0.73363,0.52604,0.4304,0.36894,0.32218,0.31053,0.26411,0.21357,0.20027,0.33854,0.30519,0.21461,0.15581,0.12926,0.1122,0.099058,0.12576,0.10545,0.10309,0.071459,0.056415,0.044935,0.033912,0.028619,0.027758,0.027137,0.026963,0.023156,0.026601,0.13143,0.13822,0.10038,0.080622,0.061486,0.058232,0.051919,0.044743,0.047509,0.038201,0.34197,0.339,0.26067,0.2358,0.18237,0.11193,0.14579,0.12678,0.14523,0.11632,0.69695,0.72191,0.4081,1.2595,0.98209,0.75155,0.68612,0.57732,0.48204,0.39598,0.66525,0.97182,0.96286,0.6023,0.71116,0.57348,0.56441,0.44425,0.45553,0.45318
341.65,0.73449,0.55211,0.49913,0.48265,0.44809,0.54487,0.47852,0.52393,0.52535,0.45907,4.2258,3.9146,3.1867,2.848,2.5001,2.6014,2.475,2.5551,2.1867,1.5439,2.2502,2.1844,1.7228,1.4326,1.3241,1.136,1.0028,1.2024,1.0418,0.68134,0.71441,0.64647,0.62332,0.50378,0.60931,0.68045,0.5768,0.6188,0.66814,0.71168,0.97013,1.0495,0.8051,0.73212,0.65729,0.69742,0.70916,0.61815,0.63016,0.52365,2.0687,2.1007,1.7493,1.7642,1.4907,1.1238,1.4584,1.2984,1.5694,1.2025,2.6043,3.2053,2.0126,5.3028,4.3152,3.4053,3.2047,2.7327,2.5152,2.3404,3.2553,3.9596,4.2868,2.7887,3.7285,2.8701,3.2304,2.435,2.7826,2.6648
353.99,5.6047,5.3218,5.3593,5.9026,6.358,5.7642,5.5581,5.3618,5.2323,4.4636,13.923,13.875,12.723,12.095,11.345,12.336,11.262,10.591,10.405,7.4286,9.3229,9.4273,8.6585,7.9048,7.5911,7.1313,6.055,5.6769,4.0424,3.0475,6.0341,6.0691,6.5312,6.6877,7.2122,7.2056,6.3631,7.3739,6.3106,8.8571,5.9693,6.1774,5.905,5.8914,6.1032,5.9993,5.7944,6.1785,5.2639,4.9637,9.3908,8.7873,8.1758,8.6838,8.5491,7.1444,8.2948,6.8018,8.3964,7.459,7.6314,8.0168,5.2677,14.789,13.266,11.797,11.764,11.139,10.727,10.557,12.162,12.365,13.021,8.9028,13.057,9.7978,11.842,10.423,11.91,11.061
361.65,0.12049,0.083178,0.074103,0.067393,0.061148,0.063562,0.056663,0.061505,0.052767,0.051514,0.39012,0.3198,0.25443,0.21692,0.1791,0.1479,0.1402,0.11379,0.10637,0.092665,0.22385,0.23044,0.163,0.14413,0.1214,0.10719,0.087373,0.087187,0.060131,0.068103,0.1096,0.088502,0.083298,0.066501,0.065986,0.080525,0.076082,0.058698,0.087372,0.079509,0.13149,0.14726,0.11405,0.10692,0.090226,0.0835,0.078253,0.068078,0.076686,0.070305,0.20971,0.21863,0.19466,0.18501,0.14916,0.097425,0.12461,0.10596,0.11771,0.11988,0.30457,0.39718,1.2057,0.66744,0.607,0.41309,0.34003,0.28966,0.23481,0.22577,0.32165,0.41213,0.47259,0.35822,0.44151,0.36076,0.31727,0.22206,0.36449,0.23238
365.74,0.016658,0.0082195,0.0064618,0.0031115,0.0027001,0.0023539,0.0012991,0.0019057,0.0016633,0.0061935,0.088388,0.08232,0.041374,0.035565,0.026039,0.01815,0.014318,0.011101,0.0071569,0.025712,0.082118,0.066426,0.048826,0.031048,0.023423,0.019214,0.016805,0.02179,0.053956,0.04895,0.013233,0.011503,0.0052795,0.0037996,0.0039299,0.0028415,0.0025295,0.0019393,0.0017597,0.0022684,0.033102,0.033889,0.020695,0.016515,0.013134,0.013968,0.013152,0.0082914,0.0092589,0.0070534,0.104,0.064631,0.052782,0.054318,0.036146,0.021304,0.031858,0.021876,0.025133,0.021062,0.14793,0.19528,0.15218,0.37973,0.29101,0.1747,0.14788,0.12588,0.087959,0.07401,0.18749,0.27224,0.32983,0.20727,0.24595,0.15531,0.15038,0.10779,0.10644,0.085354
373.55,14.849,15.172,15.346,14.513,14.058,13.806,12.935,12.7,14.213,10.184,17.197,17.189,16.557,15.862,15.203,15.475,14.262,14.937,15.512,10.77,18.414,20.593,22.287,22.46,21.659,17.813,15.631,14.554,14.185,12.383,14.781,14.702,14.928,15.143,14.45,14.955,13.9,16.091,12.842,14.53,17.72,19.337,19.928,21.207,23.074,24.374,23.7,16.973,23.07,16.608,18.251,18.876,22.121,21.991,22.737,23.205,19.971,20.465,17.33,17.628,11.155,10.949,7.3862,22.152,21.356,21.179,20.657,19.567,19.762,19.571,17.453,17.411,17.302,11.893,19.536,14.696,17.971,16.592,19.266,16.663
383.2,0.040319,0.017539,0.01252,0.0089095,0.0077383,0.0068705,0.0064421,0.0064644,0.0060486,0.012101,0.36271,0.35582,0.22413,0.21447,0.1518,0.12793,0.11369,0.081714,0.074689,0.081035,0.36157,0.35089,0.27045,0.19688,0.18311,0.13453,0.13854,0.13091,0.15166,0.13012,0.027936,0.020605,0.012216,0.010254,0.0080719,0.0083358,0.0077243,0.0074199,0.0059009,0.0082583,0.18766,0.20098,0.12939,0.11761,0.084598,0.082937,0.081642,0.060869,0.059225,0.053794,0.26764,0.26192,0.23108,0.20208,0.14557,0.11216,0.12057,0.10865,0.093833,0.083604,0.47405,0.56709,0.38709,1.095,0.93544,0.58524,0.55081,0.4455,0.38576,0.30921,0.51684,0.61541,0.61309,0.5444,0.5222,0.36499,0.44989,0.29769,0.30997,0.2676
389.03,0.0088271,0.0064686,0.0044125,0.0027176,0.0023224,0.0020534,0.0017978,0.0023419,0.002201,0.0038092,0.091167,0.080318,0.050114,0.039316,0.033222,0.02555,0.024159,0.018259,0.015371,0.021864,0.053898,0.048157,0.030937,0.021432,0.018819,0.01521,0.012544,0.015117,0.020789,0.030028,0.0089342,0.0063183,0.0054202,0.0029029,0.0023581,0.0030994,0.0021436,0.0020818,0.0019097,0.0023861,0.028462,0.029462,0.019605,0.015456,0.011423,0.011314,0.010966,0.007605,0.007317,0.0065695,0.05423,0.048567,0.038957,0.033249,0.019243,0.022988,0.017753,0.015746,0.012442,0.011124,0.15979,0.11787,0.081136,0.24382,0.23166,0.12862,0.12184,0.11252,0.084937,0.079624,0.17297,0.19472,0.19209,0.11711,0.15441,0.1198,0.084461,0.098281,0.086497,0.063435
392.73,0.013267,0.004994,0.003861,0.0020964,0.0019101,0.0017957,0.0012856,0.0014649,0.0015475,0.0033813,0.078117,0.072473,0.053422,0.037543,0.029952,0.023676,0.019211,0.014222,0.014169,0.031209,0.040514,0.031084,0.020335,0.011795,0.013349,0.0077896,0.007324,0.01583,0.025434,0.037766,0.0081161,0.00572,0.0035823,0.0025623,0.0018098,0.0024878,0.0025651,0.0020147,0.0014903,0.0019283,0.016504,0.017241,0.011196,0.0086636,0.0053033,0.0042506,0.003985,0.0027052,0.0032202,0.0024102,0.063193,0.058347,0.054936,0.046526,0.023633,0.016716,0.02697,0.016693,0.022319,0.018054,0.12225,0.12153,0.096823,0.20859,0.18094,0.10974,0.11646,0.068687,0.059677,0.056343,0.14006,0.26111,0.30838,0.12296,0.18766,0.10858,0.10109,0.067957,0.068409,0.068559
397.02,0.010395,0.0051669,0.0031641,0.0022303,0.0021836,0.0016841,0.0015486,0.0026111,0.0014091,0.0049931,0.12309,0.12663,0.060796,0.063788,0.047329,0.032929,0.034495,0.02545,0.023531,0.030433,0.1064,0.11987,0.092483,0.068984,0.058577,0.053671,0.049667,0.057,0.059028,0.065775,0.0084066,0.0071324,0.0036886,0.0027589,0.0021898,0.0021742,0.0025433,0.0016878,0.0014674,0.0019908,0.018573,0.0235,0.016537,0.01376,0.01292,0.010581,0.0089216,0.0079093,0.0069761,0.0065304,0.061411,0.072245,0.047486,0.038733,0.029216,0.017869,0.019204,0.021933,0.023221,0.015167,0.16821,0.21974,0.11777,0.38009,0.26318,0.18399,0.17466,0.1356,0.11783,0.11622,0.22659,0.24521,0.24322,0.17769,0.20768,0.17462,0.19025,0.14989,0.11278,0.13312
401.99,0.012574,0.0070776,0.0051174,0.00274,0.0023726,0.0022184,0.0017628,0.0024773,0.002736,0.0049097,0.16275,0.13797,0.087806,0.07583,0.052181,0.045427,0.036611,0.030029,0.026704,0.032528,0.086052,0.081103,0.064438,0.049267,0.036915,0.028722,0.027896,0.033056,0.04137,0.039963,0.0087231,0.0081972,0.0046185,0.0027908,0.0030812,0.0027919,0.0027716,0.0023578,0.0015855,0.0020911,0.035004,0.033673,0.020998,0.021926,0.018009,0.01688,0.014643,0.012144,0.011574,0.0092542,0.084605,0.099721,0.072261,0.053082,0.044326,0.02743,0.031993,0.024672,0.026884,0.022327,0.1701,0.23769,0.19128,0.34268,0.3059,0.1982,0.19273,0.16903,0.13315,0.10391,0.22431,0.25882,0.33595,0.21275,0.23771,0.17801,0.1549,0.10713,0.11823,0.097212
407.43,0.011104,0.0060078,0.0036235,0.0024547,0.002044,0.0014666,0.0011842,0.001554,0.0016878,0.0046924,0.12088,0.087618,0.066701,0.053837,0.034145,0.034929,0.031621,0.020878,0.019172,0.033156,0.052263,0.044567,0.027943,0.016441,0.015295,0.011955,0.01389,0.016497,0.031241,0.040945,0.0089728,0.0082971,0.005507,0.0021154,0.0024844,0.003106,0.0028008,0.0016468,0.0020696,0.0026755,0.019488,0.018401,0.01063,0.0074222,0.0051924,0.005259,0.0035894,0.004083,0.0031328,0.0030294,0.074223,0.056548,0.038651,0.047617,0.022764,0.012587,0.019866,0.016726,0.018181,0.012342,0.21388,0.19425,0.14531,0.36368,0.2157,0.14809,0.1505,0.097549,0.09047,0.057585,0.20117,0.26992,0.28054,0.2429,0.19398,0.21617,0.15214,0.10957,0.15248,0.11782
415.25,0.030946,0.012951,0.0096544,0.0052592,0.0053652,0.0042115,0.003039,0.003676,0.0043741,0.0094633,0.26096,0.22714,0.15608,0.12073,0.0888,0.077954,0.077322,0.050422,0.04614,0.064413,0.14281,0.14111,0.098672,0.064345,0.057939,0.05025,0.045161,0.057134,0.0914,0.083269,0.016097,0.016365,0.0087715,0.0064397,0.0047747,0.0053763,0.0050955,0.0048705,0.0037449,0.0044024,0.044425,0.0497,0.036806,0.032901,0.02378,0.022189,0.02044,0.017394,0.016541,0.012533,0.16475,0.12648,0.12019,0.097504,0.068651,0.039383,0.055093,0.047264,0.050975,0.036936,0.35819,0.46741,0.29582,0.72485,0.49408,0.38688,0.3742,0.30267,0.24458,0.20099,0.42864,0.53999,0.66495,0.37802,0.44884,0.33392,0.31486,0.23687,0.19111,0.22033
428.2,0.040981,0.019349,0.013443,0.0098421,0.0078767,0.0073786,0.0055196,0.0065903,0.0067312,0.01557,0.36485,0.33148,0.22696,0.18487,0.1419,0.12121,0.10255,0.080263,0.099428,0.10081,0.26003,0.2626,0.19454,0.14652,0.12296,0.1082,0.10159,0.11875,0.14041,0.19688,0.028658,0.021372,0.015637,0.011043,0.011148,0.010966,0.012393,0.010174,0.0093989,0.0091768,0.061273,0.072844,0.049495,0.040938,0.032008,0.030952,0.028006,0.022731,0.023483,0.016464,0.27141,0.2251,0.18945,0.17115,0.12344,0.071517,0.11158,0.082293,0.13311,0.072801,0.60045,0.61213,1.1499,1.0595,0.84834,0.56014,0.47983,0.4161,0.32227,0.26106,0.54972,0.78722,0.82158,0.59414,0.68793,0.48865,0.46706,0.31728,0.34878,0.30444
440.83,0.02959,0.017021,0.012808,0.011083,0.0089522,0.011151,0.0088482,0.011407,0.008684,0.013804,0.22942,0.1627,0.10867,0.081154,0.072061,0.057263,0.044259,0.0378,0.030746,0.063059,0.079822,0.071059,0.063221,0.0416,0.028952,0.025042,0.026934,0.039835,0.061844,0.081394,0.021619,0.019347,0.015394,0.0088497,0.010359,0.011639,0.012562,0.0095838,0.009774,0.012331,0.026538,0.028343,0.019332,0.014089,0.0098687,0.0088673,0.0071477,0.0067771,0.0055111,0.0065756,0.13578,0.12173,0.1033,0.12565,0.059489,0.045002,0.056137,0.10069,0.1045,0.047606,0.29822,0.27623,0.23613,0.56468,0.48976,0.2411,0.27901,0.20607,0.16204,0.12763,0.52525,0.52678,0.66808,0.39374,0.4936,0.43454,0.4434,0.31987,0.25278,0.29114
448.83,0.020679,0.009549,0.0060962,0.0051259,0.0045664,0.0037717,0.0035671,0.0035747,0.0032442,0.0065751,0.26565,0.25949,0.20081,0.18032,0.14117,0.12178,0.1166,0.082663,0.09127,0.078153,0.15659,0.16552,0.14137,0.11281,0.095635,0.078823,0.071211,0.071715,0.074521,0.085609,0.01181,0.012165,0.0072849,0.0045408,0.0043597,0.0036947,0.0042433,0.0040129,0.0032287,0.003457,0.058122,0.079349,0.056627,0.046869,0.042607,0.042045,0.043058,0.037336,0.029988,0.025352,0.14735,0.13111,0.11366,0.097803,0.087576,0.061763,0.080021,0.06082,0.063998,0.052159,0.28523,0.2726,0.19425,0.60167,0.42287,0.33655,0.39506,0.28205,0.24705,0.21622,0.26619,0.40909,0.45888,0.27068,0.29495,0.34871,0.28139,0.18646,0.22027,0.17932
456.29,0.076565,0.063848,0.057938,0.055314,0.051153,0.05766,0.050807,0.056599,0.050622,0.04488,0.26391,0.25337,0.17073,0.14201,0.13045,0.10149,0.095567,0.079513,0.067118,0.080035,0.48784,0.60706,0.5146,0.48254,0.39213,0.34695,0.34078,0.34284,0.43756,0.28507,0.075157,0.077147,0.061601,0.063391,0.058322,0.062579,0.071144,0.067391,0.066711,0.076529,0.036647,0.042583,0.034685,0.029153,0.024605,0.023322,0.020023,0.025285,0.019246,0.022165,0.33211,0.34824,0.28611,0.34106,0.24267,0.16427,0.30139,0.24507,0.32114,0.21776,0.27164,0.27709,0.24745,0.45338,0.38292,0.27295,0.27725,0.20806,0.16442,0.14295,0.42936,0.48602,0.47893,0.35962,0.43783,0.34932,0.35931,0.30071,0.23822,0.27286
463.93,0.019157,0.011282,0.0095386,0.0065163,0.0059648,0.0056345,0.0046563,0.0046948,0.0047046,0.007684,0.51434,0.47524,0.37207,0.3204,0.29471,0.25541,0.24218,0.18673,0.18819,0.1543,0.24535,0.25505,0.24952,0.17442,0.15933,0.13871,0.11958,0.13647,0.09457,0.10684,0.014673,0.0145,0.0087681,0.0067141,0.0057089,0.0054775,0.0057688,0.0048611,0.0054043,0.0054907,0.097551,0.12159,0.087927,0.086259,0.076291,0.078246,0.072087,0.060012,0.06176,0.045135,0.18917,0.18371,0.18304,0.14029,0.16445,0.11693,0.10836,0.10047,0.10308,0.084947,0.35297,0.43634,0.26714,0.85325,0.65454,0.56621,0.47676,0.45528,0.40889,0.34919,0.33784,0.4994,0.49382,0.33183,0.3349,0.3302,0.37976,0.23096,0.21556,0.24327
471.05,0.38891,0.40317,0.48747,0.54605,0.5987,0.61937,0.65654,0.69311,0.68043,0.49213,0.38946,0.3731,0.30967,0.24402,0.21325,0.18476,0.17278,0.16115,0.15667,0.15745,0.090903,0.081697,0.066348,0.045101,0.037274,0.030964,0.02917,0.041347,0.065812,0.069042,0.30913,0.2947,0.36184,0.36961,0.38387,0.43327,0.51308,0.53575,0.58979,0.64127,0.070152,0.056907,0.09409,0.098092,0.10687,0.078941,0.088057,0.11877,0.090689,0.1354,1.4318,1.2758,1.263,1.6152,1.2514,0.97454,1.8743,1.5291,2.1569,1.8422,0.25153,0.27443,0.18555,0.43261,0.38098,0.22305,0.19708,0.20343,0.16543,0.12725,0.43848,0.52904,0.6219,0.39805,0.50385,0.39425,0.42685,0.333,0.34456,0.35059
480.45,0.029478,0.018571,0.015056,0.0099517,0.0093483,0.0077489,0.0058942,0.0057407,0.0054637,0.012183,0.87563,0.68292,0.55184,0.52047,0.45947,0.39347,0.3571,0.29646,0.28992,0.26532,0.30911,0.37506,0.34968,0.29046,0.2294,0.20267,0.18831,0.19634,0.14969,0.174,0.025652,0.02184,0.013625,0.010175,0.0098836,0.0092056,0.0089394,0.0077056,0.006615,0.0073741,0.14909,0.21058,0.18826,0.15909,0.1852,0.17979,0.18691,0.14549,0.14448,0.1437,0.3104,0.37048,0.31292,0.33303,0.31625,0.2481,0.27712,0.23667,0.25968,0.2651,0.59166,0.69405,0.51498,1.403,1.0094,0.71723,0.86242,0.74796,0.61706,0.52969,0.57058,0.71038,0.75429,0.54594,0.70567,0.5236,0.49873,0.35924,0.36091,0.40324
491.88,0.032148,0.020315,0.019263,0.015155,0.015934,0.012571,0.011434,0.010226,0.0064177,0.01106,0.49458,0.39671,0.36566,0.30099,0.23386,0.21662,0.18921,0.1446,0.10902,0.12758,0.22108,0.25438,0.22297,0.17187,0.14972,0.1274,0.10691,0.13087,0.11363,0.12849,0.020492,0.024339,0.017168,0.011895,0.012868,0.011897,0.015225,0.011344,0.009415,0.0098955,0.10303,0.11975,0.098031,0.086361,0.086541,0.10011,0.073066,0.059704,0.076413,0.048906,0.18395,0.21657,0.18654,0.15373,0.16019,0.1032,0.097345,0.079165,0.072558,0.066484,0.50749,0.49719,0.43129,1.2601,0.89748,0.82785,0.77822,0.61905,0.60953,0.53258,0.46983,0.6412,0.71855,0.52036,0.55742,0.45116,0.45644,0.35002,0.353,0.31826
504.31,0.039445,0.025582,0.022216,0.019742,0.020511,0.016092,0.01378,0.014547,0.0098081,0.014293,0.44188,0.36938,0.28563,0.25234,0.19641,0.1657,0.13773,0.10699,0.093808,0.10205,0.23074,0.26627,0.2318,0.19649,0.15154,0.1255,0.12096,0.12814,0.11866,0.14542,0.025394,0.022818,0.017531,0.013854,0.014428,0.014406,0.017946,0.012434,0.011095,0.012366,0.10089,0.12617,0.092675,0.10101,0.09206,0.082735,0.089717,0.071438,0.061815,0.06404,0.20709,0.21419,0.20232,0.16614,0.1589,0.10643,0.1082,0.077535,0.086577,0.078462,0.54232,0.62717,0.45414,1.3365,1.0657,0.84692,0.96159,0.75384,0.69323,0.56059,0.52758,0.63885,0.6983,0.56967,0.67992,0.50419,0.56972,0.41084,0.36383,0.35924
520.12,0.038121,0.020636,0.014624,0.010637,0.0091103,0.008333,0.0068134,0.0076353,0.0079134,0.016711,0.34399,0.28956,0.16837,0.12073,0.10783,0.085394,0.077177,0.061408,0.051809,0.093317,0.19968,0.19884,0.17966,0.1193,0.10416,0.087419,0.075402,0.098658,0.099012,0.14817,0.027565,0.023972,0.014718,0.0099608,0.0087509,0.009013,0.0092928,0.0075742,0.0074721,0.0078901,0.079061,0.083668,0.074626,0.055158,0.050593,0.052707,0.044227,0.034799,0.038724,0.026233,0.22846,0.2337,0.16916,0.18242,0.12645,0.084177,0.092514,0.073803,0.065636,0.070269,0.54918,0.56975,0.33971,0.97727,0.71156,0.51702,0.51706,0.42377,0.30742,0.29811,0.58651,0.75184,0.89324,0.6129,0.65362,0.45049,0.4106,0.31753,0.29349,0.29662
544.98,0.057792,0.025537,0.015163,0.0084457,0.0072402,0.0064468,0.0050216,0.0062668,0.0068815,0.021625,0.62638,0.46855,0.36566,0.24713,0.19703,0.16509,0.1493,0.11595,0.093948,0.17986,0.31578,0.31676,0.26203,0.18561,0.14618,0.12329,0.12072,0.14345,0.17686,0.23259,0.036634,0.028676,0.015561,0.0093926,0.0085409,0.0072479,0.0066142,0.0062057,0.0047221,0.0064229,0.11991,0.1414,0.1164,0.09851,0.080714,0.071754,0.063982,0.053665,0.054306,0.046717,0.37696,0.36432,0.28698,0.30124,0.21141,0.13448,0.16284,0.12243,0.12197,0.10795,0.87112,0.97165,0.68644,1.8697,1.2933,0.89525,0.8691,0.68246,0.62403,0.45099,1.1954,1.2234,1.3134,0.98541,1.1774,0.84649,0.8236,0.51524,0.50734,0.52988
580.95,0.071178,0.03393,0.02142,0.014254,0.011778,0.011635,0.0097886,0.010624,0.011352,0.032901,1.5504,1.4646,1.1477,1.0051,0.8442,0.73581,0.68934,0.58547,0.50258,0.47866,0.35071,0.35321,0.27299,0.19878,0.16908,0.13351,0.14597,0.17994,0.21769,0.31312,0.045799,0.041875,0.021782,0.016144,0.013118,0.012535,0.012971,0.010793,0.0091385,0.011761,0.14714,0.18976,0.14215,0.12646,0.1053,0.099826,0.097882,0.077864,0.069086,0.054487,0.51695,0.49278,0.41012,0.3819,0.32461,0.21798,0.26286,0.19349,0.20004,0.15858,1.0641,1.3184,0.87592,2.4928,1.8746,1.4087,1.3677,1.1061,0.94415,0.71032,1.3473,1.6277,1.8901,1.4119,1.4751,1.1447,1.0813,0.91101,0.73152,0.90497
611.41,0.03335,0.015079,0.0099328,0.0054461,0.0049195,0.0042395,0.0030935,0.003623,0.0042114,0.012999,0.68665,0.70038,0.55407,0.44694,0.3784,0.34118,0.3386,0.25351,0.22844,0.22906,0.15326,0.17563,0.14771,0.097645,0.082016,0.063248,0.062406,0.079084,0.09639,0.15644,0.022523,0.016909,0.0088015,0.0056138,0.0049775,0.004437,0.004395,0.0034662,0.0026881,0.0037947,0.082033,0.089209,0.077453,0.065082,0.061026,0.060334,0.050598,0.037668,0.040568,0.030196,0.24424,0.23395,0.17241,0.16328,0.14286,0.088759,0.095247,0.079103,0.075527,0.062488,0.53674,0.63229,0.44319,1.2811,0.92918,0.5979,0.64594,0.54522,0.42083,0.33537,0.67065,0.67455,0.86889,0.62937,0.63879,0.47026,0.49815,0.33342,0.30614,0.34948
624.5,0.010678,0.0049276,0.0029445,0.0013304,0.0017385,0.0011185,0.00097552,0.00095586,0.0010497,0.0031696,0.14526,0.13334,0.10916,0.085662,0.073817,0.061108,0.060402,0.048984,0.046568,0.057211,0.069073,0.070705,0.055444,0.039333,0.038607,0.029923,0.029063,0.030168,0.030456,0.03957,0.0057869,0.0053623,0.0022848,0.0012394,0.0013847,0.0010469,0.0013107,0.00093758,0.00080192,0.00080916,0.024832,0.02776,0.026992,0.02909,0.021186,0.023944,0.02306,0.019118,0.018629,0.012706,0.067953,0.046045,0.068237,0.054652,0.043399,0.02915,0.028529,0.021656,0.01938,0.021631,0.13427,0.17464,0.11962,0.25969,0.28212,0.19422,0.18845,0.17638,0.12766,0.10906,0.17515,0.22109,0.20483,0.17793,0.22781,0.16213,0.13947,0.10273,0.10262,0.10982
632.14,0.01756,0.0065753,0.0037701,0.0023396,0.0017289,0.0013636,0.0010769,0.0012183,0.0014403,0.0059159,0.19034,0.16712,0.11229,0.081398,0.068587,0.054221,0.046104,0.034821,0.034528,0.049697,0.079064,0.068606,0.04382,0.035483,0.030264,0.021412,0.025416,0.031233,0.033474,0.069988,0.0083695,0.007677,0.0041029,0.001721,0.0016242,0.001791,0.0015252,0.00118,0.00092701,0.0010335,0.026272,0.027216,0.020126,0.017959,0.012122,0.013941,0.013878,0.010147,0.0090333,0.0069268,0.096779,0.09451,0.067257,0.057798,0.038655,0.022599,0.031677,0.023157,0.024378,0.019952,0.20557,0.27983,0.16187,0.47608,0.42619,0.22766,0.23069,0.21577,0.18025,0.12925,0.23926,0.30276,0.41004,0.25751,0.35312,0.2294,0.21841,0.13492,0.10273,0.12638
649.13,0.040064,0.017433,0.0093591,0.0051321,0.004,0.003324,0.0028427,0.0030339,0.0036945,0.013689,0.52992,0.41003,0.31821,0.24184,0.23748,0.18651,0.17309,0.11972,0.10983,0.1551,0.17963,0.1921,0.14421,0.11338,0.084675,0.067755,0.069704,0.089098,0.085471,0.14835,0.022555,0.020171,0.0099546,0.0056376,0.0042597,0.0036907,0.0037136,0.0029182,0.0021383,0.0030949,0.066114,0.081174,0.070823,0.057989,0.048515,0.046214,0.040138,0.031558,0.028603,0.023236,0.24084,0.21955,0.16126,0.14988,0.12134,0.077149,0.097494,0.070189,0.063077,0.054012,0.52756,0.67353,0.46443,1.4724,0.99581,0.70898,0.65374,0.5649,0.43796,0.34658,0.63425,0.93825,1.0497,0.69306,0.7346,0.57883,0.58426,0.3738,0.30702,0.35214
673.37,0.038237,0.016555,0.0095407,0.0047522,0.0040029,0.0036442,0.002293,0.0029423,0.0033188,0.01499,0.48521,0.44824,0.32006,0.26382,0.22159,0.17794,0.15851,0.11974,0.095053,0.1427,0.17066,0.15733,0.13381,0.084659,0.073016,0.060266,0.055995,0.075734,0.084964,0.1492,0.022259,0.019879,0.0089442,0.0056862,0.0042212,0.0041077,0.0044391,0.0033145,0.0027805,0.0033296,0.058557,0.069849,0.057739,0.053632,0.034582,0.035182,0.033494,0.02553,0.024088,0.01915,0.22103,0.19172,0.16734,0.14884,0.11437,0.07207,0.085766,0.059385,0.062213,0.044906,0.54644,0.69975,0.41523,1.3268,0.80045,0.66625,0.65989,0.50601,0.43304,0.31401,0.66592,0.83867,0.98132,0.5548,0.70186,0.55169,0.54789,0.37401,0.30755,0.37159
694.39,0.028301,0.011988,0.009581,0.0041832,0.0036187,0.0041194,0.0028105,0.0029647,0.0031022,0.012663,0.44727,0.45346,0.36167,0.29974,0.24648,0.20263,0.1685,0.13269,0.1221,0.12819,0.11327,0.12343,0.10628,0.06294,0.057795,0.048211,0.04142,0.067395,0.058127,0.099544,0.016952,0.013089,0.0085867,0.0045783,0.0038654,0.003993,0.0036055,0.0031606,0.0023404,0.0033636,0.050033,0.059952,0.045511,0.044197,0.033107,0.034186,0.0258,0.02069,0.021712,0.016761,0.16683,0.14922,0.1241,0.12632,0.10413,0.055257,0.064223,0.052877,0.043324,0.040555,0.36058,0.45128,0.32528,0.89668,0.67361,0.51501,0.43921,0.39469,0.341,0.28297,0.52501,0.55967,0.64599,0.46886,0.51664,0.41424,0.40561,0.31094,0.24836,0.24382
715.58,0.040525,0.017328,0.011952,0.0065745,0.0052242,0.0044891,0.0034564,0.0046297,0.0053307,0.014567,0.54563,0.51404,0.48373,0.34918,0.28042,0.2413,0.21598,0.17392,0.1421,0.18956,0.17579,0.20438,0.15768,0.097325,0.092634,0.072309,0.064487,0.087431,0.077539,0.15571,0.023271,0.019959,0.0099227,0.0063314,0.0051885,0.0054256,0.0053704,0.0040742,0.0030265,0.0051054,0.06906,0.089978,0.071722,0.062003,0.049029,0.049374,0.041543,0.037205,0.034073,0.023697,0.24102,0.22137,0.18793,0.16399,0.14639,0.091849,0.096805,0.081434,0.069337,0.05421,0.53037,0.66924,0.44509,1.1935,0.85141,0.68326,0.68895,0.62489,0.48204,0.33095,0.64111,0.8148,0.91369,0.67479,0.74985,0.5279,0.57662,0.34811,0.29575,0.33411
740.4,0.037282,0.01584,0.008258,0.0048667,0.0041978,0.0031419,0.0024923,0.0031273,0.0035303,0.014161,0.50879,0.46681,0.36362,0.30559,0.26673,0.2007,0.18481,0.14633,0.12191,0.16067,0.19695,0.21713,0.18198,0.14115,0.11216,0.088556,0.078457,0.096857,0.085414,0.15979,0.021941,0.016876,0.0087265,0.0054733,0.0041229,0.0037466,0.0032447,0.0028232,0.0021234,0.0028402,0.087669,0.10329,0.087988,0.079006,0.070077,0.072977,0.066377,0.051302,0.048283,0.035772,0.21931,0.22262,0.18281,0.1632,0.14419,0.098429,0.099495,0.079009,0.071058,0.062121,0.59803,0.71654,0.45674,1.2398,0.92432,0.60931,0.68158,0.57667,0.47273,0.36558,0.67573,0.8229,0.91322,0.62396,0.72795,0.54307,0.60972,0.33686,0.32443,0.35233
760.3,0.022014,0.0091705,0.0051954,0.0026091,0.0025166,0.001714,0.0013446,0.0015597,0.00199,0.0072519,0.2786,0.21867,0.18487,0.14205,0.1196,0.091012,0.075722,0.061488,0.050771,0.076561,0.086199,0.096057,0.065626,0.05545,0.041387,0.032822,0.034186,0.0411,0.041793,0.083739,0.012894,0.009599,0.0047918,0.0029424,0.0018829,0.001815,0.0017861,0.0014305,0.0010447,0.0013361,0.033853,0.039967,0.030781,0.028395,0.021828,0.019875,0.02028,0.01437,0.012038,0.011714,0.13551,0.10371,0.087536,0.075566,0.060534,0.037261,0.047265,0.035108,0.029734,0.028898,0.31781,0.3255,0.2419,0.73989,0.64029,0.37725,0.48387,0.3159,0.29816,0.20497,0.38916,0.49218,0.49223,0.31652,0.45652,0.35278,0.33165,0.19862,0.1759,0.2112
775.7,0.024727,0.010139,0.0056979,0.0035285,0.0026721,0.0022269,0.0017338,0.0020368,0.0023716,0.0080662,0.27392,0.24936,0.22278,0.12352,0.13465,0.099135,0.098276,0.062704,0.05508,0.075228,0.10229,0.085177,0.074066,0.048488,0.04206,0.029998,0.032291,0.043408,0.043534,0.086215,0.014988,0.0126,0.0058589,0.003098,0.0024981,0.0025079,0.001997,0.0014306,0.0014415,0.0020568,0.041159,0.043715,0.031183,0.028897,0.026318,0.022762,0.019626,0.016115,0.014473,0.011749,0.1279,0.13828,0.097614,0.094481,0.0696,0.040164,0.052911,0.034727,0.034071,0.029119,0.41563,0.46383,0.27152,0.80013,0.60294,0.50175,0.5165,0.43892,0.36699,0.27432,0.38275,0.49266,0.56507,0.45431,0.46456,0.30868,0.32735,0.2251,0.20481,0.21009
805.74,0.063441,0.025679,0.01413,0.0083332,0.0057273,0.0050234,0.0037031,0.0041338,0.0051112,0.021375,0.67625,0.63351,0.45929,0.3436,0.28828,0.24473,0.22303,0.15932,0.13047,0.22023,0.25475,0.21931,0.16555,0.10755,0.088022,0.070235,0.070795,0.098372,0.093526,0.23677,0.036843,0.029888,0.014756,0.0077788,0.0059193,0.0052856,0.0044588,0.0037657,0.0029247,0.0036715,0.095889,0.10098,0.078519,0.065539,0.050736,0.049686,0.040173,0.032498,0.032743,0.024081,0.34655,0.3493,0.26105,0.22943,0.16938,0.10366,0.13795,0.10095,0.088257,0.069262,0.97202,1.0535,0.75539,1.9548,1.6495,1.1919,1.146,0.86642,0.72152,0.57271,1.2164,1.3924,1.6983,1.1071,1.2437,0.91092,0.86286,0.59907,0.50841,0.59301
847.31,0.052435,0.022572,0.012712,0.006498,0.0047557,0.0041484,0.0033565,0.0038428,0.0043983,0.01858,0.62038,0.5944,0.42917,0.3029,0.2778,0.22167,0.18303,0.13791,0.12083,0.18437,0.20241,0.18333,0.14019,0.097488,0.070445,0.055072,0.051593,0.073415,0.075546,0.20299,0.030575,0.025283,0.013082,0.0071678,0.0056138,0.0048559,0.0038053,0.0027029,0.0023742,0.0030367,0.079587,0.082781,0.061749,0.051316,0.041335,0.04006,0.032026,0.026583,0.024168,0.017801,0.29574,0.27075,0.21406,0.1931,0.15548,0.081967,0.10521,0.077502,0.077894,0.056253,0.78679,0.87138,0.57642,1.567,1.2381,0.77515,0.82624,0.64485,0.54502,0.38288,0.83526,1.1015,1.1967,0.90902,0.94352,0.65356,0.65993,0.42503,0.39213,0.40732
873.16,0.017566,0.007095,0.0037349,0.0022295,0.0014768,0.0013286,0.0011169,0.00097175,0.0013437,0.0058781,0.19495,0.15615,0.11466,0.079171,0.060801,0.047626,0.042541,0.032837,0.026816,0.055578,0.061089,0.062609,0.046598,0.030779,0.024004,0.01661,0.014468,0.025145,0.023447,0.068147,0.010094,0.0073571,0.0037284,0.0019884,0.0015686,0.0013281,0.0010477,0.00073207,0.00081615,0.00074813,0.019194,0.025279,0.020528,0.017927,0.013558,0.012102,0.010065,0.0069804,0.006637,0.0056728,0.084699,0.089531,0.062301,0.061091,0.044241,0.023153,0.029124,0.02525,0.017578,0.015875,0.25259,0.23109,0.17978,0.45652,0.42871,0.27453,0.2465,0.17395,0.1813,0.11225,0.23032,0.31284,0.41336,0.23283,0.3251,0.19514,0.21868,0.13005,0.11961,0.11654
889.61,0.026161,0.010955,0.0053409,0.0028553,0.0023155,0.0018999,0.0013613,0.0016074,0.0018909,0.0091209,0.34542,0.27735,0.20414,0.13383,0.10747,0.099852,0.084728,0.058236,0.048399,0.079676,0.099481,0.086816,0.064308,0.038922,0.034869,0.024158,0.025135,0.036882,0.036672,0.099749,0.017001,0.013428,0.0070619,0.0033846,0.0024716,0.0021527,0.0017402,0.0012565,0.00093218,0.0014217,0.040433,0.03536,0.027626,0.023437,0.018456,0.015522,0.013446,0.010338,0.010055,0.0077352,0.15304,0.1368,0.091827,0.086252,0.071123,0.035076,0.04662,0.0329,0.028677,0.023811,0.39699,0.41965,0.27,0.72058,0.49145,0.40102,0.38113,0.29148,0.24759,0.1653,0.42961,0.59993,0.55913,0.42349,0.50298,0.32158,0.31247,0.20912,0.18208,0.18205
909.58,0.024618,0.010648,0.0053807,0.0029778,0.0019813,0.0018417,0.0013162,0.0015306,0.0018354,0.0089822,0.26815,0.20501,0.16497,0.11239,0.10473,0.074719,0.069369,0.049627,0.043219,0.078497,0.089396,0.074989,0.068253,0.032773,0.02612,0.019268,0.021527,0.031609,0.031427,0.098727,0.014256,0.011821,0.0058114,0.0033323,0.0024673,0.0017449,0.0016099,0.0012082,0.00097409,0.0012918,0.029627,0.037765,0.028091,0.021245,0.017295,0.015337,0.013149,0.0095941,0.0093135,0.0073379,0.13651,0.1318,0.095114,0.089178,0.059114,0.028324,0.043051,0.029854,0.032023,0.021564,0.33406,0.39882,0.2874,0.65255,0.51234,0.36365,0.35272,0.26507,0.20192,0.16082,0.48811,0.58107,0.58151,0.38411,0.4246,0.27328,0.31624,0.18381,0.17813,0.18198
959.39,0.1088,0.043648,0.023773,0.01197,0.0084673,0.0072905,0.0052609,0.00627,0.0072641,0.036172,1.1404,1.0365,0.74849,0.53241,0.42056,0.35075,0.28456,0.21654,0.17216,0.30123,0.34133,0.2831,0.20418,0.12705,0.086699,0.070025,0.070338,0.12544,0.12728,0.35447,0.062572,0.049131,0.0244,0.013451,0.010113,0.008604,0.0079928,0.0051843,0.0045149,0.0060847,0.12562,0.13036,0.1,0.077831,0.062432,0.05186,0.043794,0.030293,0.030499,0.028707,0.54905,0.48488,0.36747,0.34085,0.20715,0.11325,0.1614,0.11964,0.10694,0.078762,1.3344,1.5634,1.0263,2.7993,2.1119,1.3035,1.3127,0.98533,0.77997,0.56619,1.6824,2.0481,2.4524,1.5315,1.8017,1.1435,1.1273,0.69053,0.64562,0.67523
